{
  "users": [
    {
      "email": "nuxtadmin@gmail.com",
      "password": "$2a$10$huU.XKqN2QM33rGNxCmu8Okydiw5u83pBQZhrEDR.BGGm3/LG9BRS",
      "id": 1
    },
    {
      "email": "admin@gmail.com",
      "password": "$2a$10$XSHbFEF5O7LCxBdb/hm1QOvhDnZcsxKxcfmpr7zJ..J9fvepiI4UC",
      "id": 2
    }
  ],
  "tasks": [
    {
      "title": "Priorità",
      "date": "2019-10-28T13:34:24.177Z",
      "description": "Verificare i dati",
      "state": "maybe",
      "id": 1,
      "priority": 0
    },
    {
      "title": "Procedura flussi",
      "date": "2019-10-28T13:34:24.177Z",
      "description": "Verificare i dati",
      "state": "next",
      "id": 2,
      "priority": 0
    },
    {
      "title": "Crea",
      "description": "aeg",
      "date": "2019-12-09T18:53:19.302Z",
      "state": "calendar",
      "id": 3,
      "priority": 0
    }
  ]
}