{
  "users": [
    {
      "email": "nuxtadmin@gmail.com",
      "password": "$2a$10$huU.XKqN2QM33rGNxCmu8Okydiw5u83pBQZhrEDR.BGGm3/LG9BRS",
      "id": 1
    }
  ],
  "tasks": [
    {
      "title": "Priorità",
      "date": "2019-10-28T13:34:24.177Z",
      "description": "Verificare i dati",
      "state": "maybe",
      "id": 1,
      "priority": 0
    },
    {
      "title": "Procedura flussi",
      "date": "2019-10-28T13:34:24.177Z",
      "description": "Verificare i dati",
      "state": "next",
      "id": 2,
      "priority": 0
    }
  ]
}